<?xml version="1.0" encoding="UTF-8"?>
<project-private xmlns="http://www.netbeans.org/ns/project-private/1">
    <editor-bookmarks xmlns="http://www.netbeans.org/ns/editor-bookmarks/2" lastBookmarkId="0"/>
    <open-files xmlns="http://www.netbeans.org/ns/projectui-open-files/2">
        <group>
            <file>file:/C:/Users/Joel/Documents/NetBeansProjects/Prog5121Project1/src/prog5121project1/Register.java</file>
            <file>file:/C:/Users/Joel/Documents/NetBeansProjects/Prog5121Project1/src/prog5121project1/User.java</file>
            <file>file:/C:/Users/Joel/Documents/NetBeansProjects/Prog5121Project1/src/prog5121project1/Prog5121Project1.java</file>
            <file>file:/C:/Users/Joel/Documents/NetBeansProjects/Prog5121Project1/src/prog5121project1/Login.java</file>
        </group>
    </open-files>
</project-private>
